,Model,Best_model,Best_params,Best_score,MSE,MAE,R-squared
0,Neural Network,-,-,-,0.47733441768970947,0.3958574566044217,0.8455193042755127
1,Neural Network,-,-,-,0.468849874154157,0.3991771524065527,0.8482651710510254
